Day,DailySteps
8/21/2017,5622
8/22/2017,3902
8/23/2017,4240
8/24/2017,4374
8/25/2017,5306
8/26/2017,1185
8/27/2017,2261
8/28/2017,3711
8/29/2017,5082
8/30/2017,5942
8/31/2017,4248
9/1/2017,3695
9/2/2017,2070
9/3/2017,536
9/4/2017,1184
9/5/2017,3995
9/6/2017,4009
9/7/2017,4778
9/8/2017,4987
9/9/2017,6576
9/10/2017,5199
9/11/2017,2947
9/12/2017,5477
9/13/2017,5678
9/14/2017,3177
9/15/2017,10057
9/16/2017,8995
9/17/2017,3304
9/18/2017,7076
9/19/2017,3605
9/20/2017,2857
9/21/2017,2697
9/22/2017,3563
9/23/2017,5594
9/24/2017,1095
9/25/2017,3467
9/26/2017,4871
9/27/2017,3360
9/28/2017,4312
9/29/2017,1619
9/30/2017,6084
10/1/2017,708
10/2/2017,4350
10/3/2017,4788
10/4/2017,3902
10/5/2017,2846
10/6/2017,6425
10/7/2017,1986
10/8/2017,7044
10/9/2017,2567
10/10/2017,4734
10/11/2017,3045
10/12/2017,12132
10/13/2017,5271
10/14/2017,4392
10/15/2017,1428
10/16/2017,4728
10/17/2017,9090
10/18/2017,2923
10/19/2017,4403
10/20/2017,9247
10/21/2017,1933
10/22/2017,3968
10/23/2017,4434
10/24/2017,5152
10/25/2017,7846
10/26/2017,3546
10/27/2017,7391
10/28/2017,2060
10/29/2017,1251
10/30/2017,3892
10/31/2017,3620
11/1/2017,4194
11/7/2017,24006
11/8/2017,3641
11/9/2017,5211
11/10/2017,2345
11/11/2017,1061
11/12/2017,1632
11/13/2017,3890
11/14/2017,3829
11/15/2017,2080
11/16/2017,3322
11/17/2017,4398
11/18/2017,866
11/19/2017,1080
11/20/2017,1976
11/21/2017,6971
11/22/2017,1855
11/23/2017,2003
11/24/2017,1506
11/25/2017,2356
11/26/2017,1521
11/27/2017,4143
11/28/2017,4106
11/29/2017,4578
11/30/2017,4937
12/1/2017,3581
12/2/2017,2860
12/3/2017,991
12/4/2017,3793
12/5/2017,4469
12/6/2017,4202
12/7/2017,5146
12/8/2017,5261
12/9/2017,4623
12/10/2017,1791
12/11/2017,4200
12/12/2017,6163
12/13/2017,3632
12/14/2017,6300
12/15/2017,4722
12/16/2017,3219
12/17/2017,1912
12/18/2017,4797
12/19/2017,4779
12/20/2017,4538
12/21/2017,5856
12/22/2017,2563
12/23/2017,1582
12/24/2017,1875
12/25/2017,2367
12/26/2017,1892
12/27/2017,2224
12/28/2017,2013
12/29/2017,743
12/30/2017,1233
12/31/2017,1629
1/1/2018,1515
1/2/2018,5964
1/3/2018,2080
1/4/2018,4523
1/5/2018,5436
1/6/2018,2400
1/7/2018,1386
1/8/2018,5182
1/9/2018,4487
1/10/2018,5888
1/11/2018,3753
1/12/2018,4041
1/13/2018,8034
1/14/2018,1374
1/15/2018,4760
1/16/2018,4682
1/17/2018,5003
1/18/2018,5125
1/19/2018,3831
1/20/2018,2599
1/21/2018,1431
1/22/2018,851
1/23/2018,5257
1/24/2018,4725
1/25/2018,3972
1/26/2018,4457
1/27/2018,3326
1/28/2018,819
1/29/2018,5003
1/30/2018,6069
1/31/2018,4814
2/1/2018,4184
2/2/2018,4086
2/3/2018,3142
2/4/2018,2523
2/5/2018,4204
2/6/2018,2915
2/7/2018,4259
2/8/2018,5134
2/9/2018,3825
2/10/2018,4110
2/11/2018,1999
2/12/2018,4950
2/13/2018,5666
2/14/2018,7343
2/15/2018,5191
2/16/2018,6266
2/17/2018,1794
2/18/2018,972
2/19/2018,4435
2/20/2018,4669
2/21/2018,3877
2/22/2018,5064
2/23/2018,4006
2/24/2018,3533
2/25/2018,3063
2/26/2018,5155
2/27/2018,4708
2/28/2018,9883
3/1/2018,3350
3/2/2018,3307
3/3/2018,1426
3/4/2018,2666
3/5/2018,3149
3/6/2018,4301
3/7/2018,2951
3/8/2018,4106
3/9/2018,5759
3/10/2018,1194
3/11/2018,1220
3/12/2018,4067
3/13/2018,4400
3/14/2018,7998
3/15/2018,3317
3/16/2018,2984
3/17/2018,1310
3/18/2018,1596
3/19/2018,5722
3/20/2018,3026
3/21/2018,3382
3/22/2018,2917
3/23/2018,2375
3/24/2018,4599
3/25/2018,2701
3/26/2018,3887
3/27/2018,3499
3/28/2018,3371
3/29/2018,4673
3/30/2018,7356
3/31/2018,2765
4/1/2018,1823
4/2/2018,1184
4/3/2018,1974
4/4/2018,6653
4/5/2018,3974
4/6/2018,3483
4/7/2018,2261
4/8/2018,990
4/9/2018,4148
4/10/2018,4293
4/11/2018,3866
4/12/2018,4016
4/13/2018,3378
4/14/2018,1955
4/15/2018,1464
4/16/2018,5158
4/17/2018,4246
4/18/2018,3258
4/19/2018,3753
4/20/2018,3668
4/21/2018,1414
4/22/2018,2611
4/23/2018,3980
4/24/2018,4006
4/25/2018,3685
4/26/2018,3760
4/27/2018,3858
4/28/2018,5757
4/29/2018,1697
4/30/2018,3963
5/1/2018,3597
5/2/2018,3493
5/3/2018,3668
5/4/2018,3858
5/5/2018,3287
5/6/2018,7193
5/7/2018,3599
5/8/2018,4305
5/9/2018,4063
5/10/2018,4585
5/11/2018,4268
5/12/2018,4029
5/13/2018,2493
5/14/2018,3302
5/15/2018,2650
5/16/2018,4514
5/17/2018,3920
5/18/2018,8472
5/19/2018,3868
5/20/2018,3782
5/21/2018,4887
5/22/2018,5821
5/23/2018,7872
5/24/2018,5479
5/25/2018,4101
5/26/2018,1968
5/27/2018,11290
5/28/2018,1226
5/29/2018,862
5/30/2018,5336
5/31/2018,2502
6/1/2018,2125
6/2/2018,13274
6/3/2018,1704
6/4/2018,3196
6/5/2018,7988
6/6/2018,2420
6/7/2018,2575
6/8/2018,2691
6/9/2018,3363
6/10/2018,1778
6/11/2018,7499
6/12/2018,1898
6/13/2018,2515
6/14/2018,2115
6/15/2018,3072
6/16/2018,1676
6/17/2018,8068
6/18/2018,5733
6/19/2018,6230
6/20/2018,16021
6/21/2018,7638
6/22/2018,16058
6/23/2018,6288
6/24/2018,2391
6/25/2018,2364
6/26/2018,6134
6/27/2018,3626
6/28/2018,4664
6/29/2018,8967
6/30/2018,1748
7/1/2018,2003
7/2/2018,2912
7/3/2018,4026
7/4/2018,3273
7/5/2018,6608
7/6/2018,5637
7/7/2018,6479
7/8/2018,2239
7/9/2018,4604
7/10/2018,3939
7/11/2018,4867
7/12/2018,6192
7/13/2018,148
7/14/2018,3238
7/15/2018,3017
7/16/2018,2199
7/17/2018,2846
7/18/2018,1835
7/19/2018,4510
7/20/2018,2874
7/21/2018,4261
7/22/2018,2805
7/23/2018,1482
7/24/2018,3107
7/25/2018,6645
7/26/2018,5678
7/27/2018,1670
7/28/2018,924
7/29/2018,6503
7/30/2018,1955
7/31/2018,2073
8/1/2018,6176
8/2/2018,3228
8/3/2018,12109
8/4/2018,7279
8/5/2018,3267
8/6/2018,1861
8/7/2018,4506
8/8/2018,2168
8/9/2018,9659
8/10/2018,5616
8/11/2018,2253
8/12/2018,2493
8/13/2018,2695
8/14/2018,2512
8/15/2018,5956
8/16/2018,6914
8/17/2018,3273
8/18/2018,7091
8/19/2018,1719
8/20/2018,4299
8/21/2018,4645
8/22/2018,4810
8/23/2018,3981
8/24/2018,3301
8/25/2018,2442
8/26/2018,993
8/27/2018,4067
8/28/2018,4769
8/29/2018,1297
8/30/2018,8009
8/31/2018,5557
9/1/2018,5066
9/2/2018,1497
9/3/2018,4507
9/4/2018,3726
9/5/2018,5515
9/6/2018,5634
9/7/2018,5063
9/8/2018,11402
9/9/2018,1337
9/10/2018,7614
9/11/2018,959
9/12/2018,7449
9/13/2018,3918
9/14/2018,4224
9/15/2018,2717
9/16/2018,4375
9/17/2018,6501
9/18/2018,5082
9/19/2018,4858
9/20/2018,4369
9/21/2018,4965
9/22/2018,5454
9/23/2018,590
9/24/2018,1288
9/25/2018,7038
9/26/2018,4282
9/27/2018,5560
9/28/2018,5745
9/29/2018,1212
9/30/2018,881
10/1/2018,5722
10/2/2018,6057
10/3/2018,164
10/4/2018,3456
10/5/2018,998
10/6/2018,5563
10/7/2018,727
10/9/2018,3298
10/11/2018,20376
10/12/2018,1041
10/13/2018,1171
10/14/2018,1704
10/16/2018,13092
10/19/2018,17245
10/20/2018,976
10/27/2018,39089
10/28/2018,155
10/29/2018,2667
10/30/2018,10328
11/2/2018,16165
11/3/2018,193
11/9/2018,24521
11/12/2018,9827
11/16/2018,29845
11/17/2018,2751
11/18/2018,339
11/19/2018,5778
11/20/2018,1721
11/21/2018,2558
11/25/2018,8326
11/26/2018,3913
11/27/2018,5724
11/28/2018,6678
11/29/2018,6318
11/30/2018,4839
12/1/2018,1174
12/2/2018,3944
12/3/2018,4999
12/4/2018,4530
12/5/2018,6170
12/6/2018,5020
12/7/2018,4085
12/8/2018,3688
12/9/2018,2013
12/10/2018,8089
12/11/2018,4548
12/12/2018,4403
12/13/2018,6215
12/14/2018,5726
12/15/2018,3205
12/16/2018,1392
12/17/2018,6277
12/18/2018,4970
12/19/2018,4495
12/20/2018,8904
12/21/2018,6803
12/22/2018,4831
12/23/2018,3337
12/24/2018,3779
12/25/2018,4727
12/26/2018,1582
12/27/2018,1575
12/28/2018,2075
12/29/2018,1499
12/30/2018,1845
12/31/2018,5876
1/1/2019,5964
1/2/2019,2716
1/3/2019,2540
1/4/2019,3856
1/5/2019,5959
1/6/2019,2048
1/7/2019,6151
1/8/2019,6029
1/9/2019,7018
1/10/2019,6473
1/11/2019,5555
1/12/2019,3526
1/13/2019,4086
1/14/2019,5364
1/15/2019,5248
1/16/2019,6516
1/17/2019,7422
1/18/2019,5759
1/19/2019,1378
1/20/2019,2413
1/21/2019,11663
1/22/2019,7786
1/23/2019,5531
1/24/2019,5815
1/25/2019,4639
1/26/2019,4399
1/27/2019,5912
1/28/2019,6764
1/29/2019,4728
1/30/2019,6051
1/31/2019,4884
2/1/2019,12019
2/2/2019,4114
2/3/2019,1702
2/4/2019,5594
2/5/2019,4308
2/6/2019,395
2/7/2019,2218
2/8/2019,5912
2/9/2019,2186
2/10/2019,1342
2/11/2019,2696
2/12/2019,7027
2/13/2019,7960
2/14/2019,2669
2/15/2019,3759
2/16/2019,2373
2/17/2019,2154
2/18/2019,5830
2/19/2019,5011
2/20/2019,5214
2/21/2019,7260
2/22/2019,5416
2/23/2019,972
2/24/2019,4017
2/25/2019,5557
2/26/2019,6832
2/27/2019,3070
2/28/2019,6842
3/1/2019,5463
3/2/2019,2609
3/3/2019,1875
3/4/2019,6639
3/5/2019,5450
3/6/2019,6637
3/7/2019,7590
3/8/2019,3066
3/9/2019,1847
3/10/2019,4802
3/11/2019,8402
3/12/2019,5829
3/13/2019,6971
3/14/2019,2831
3/15/2019,4792
3/16/2019,3647
3/17/2019,3490
3/18/2019,2252
3/19/2019,1143
3/20/2019,2026
3/21/2019,5419
3/22/2019,8253
3/23/2019,3718
3/24/2019,2207
3/25/2019,10775
3/26/2019,5589
3/27/2019,4856
3/28/2019,6670
3/29/2019,6658
3/30/2019,3151
3/31/2019,1907
4/1/2019,6969
4/2/2019,2963
4/3/2019,5138
4/4/2019,5060
4/5/2019,5630
4/6/2019,6464
4/7/2019,1122
4/8/2019,5919
4/9/2019,5622
4/10/2019,6414
4/11/2019,1079
4/12/2019,8192
4/13/2019,4022
4/14/2019,2506
4/15/2019,6455
4/16/2019,5315
4/17/2019,6351
4/18/2019,5919
4/19/2019,5785
4/20/2019,5060
4/21/2019,3862
4/22/2019,2899
4/23/2019,6330
4/24/2019,6191
4/25/2019,5152
4/26/2019,10927
4/27/2019,2078
4/28/2019,2764
4/29/2019,4918
4/30/2019,5554
5/1/2019,6106
5/2/2019,5148
5/3/2019,4872
5/4/2019,6594
5/5/2019,3674
5/6/2019,4797
5/7/2019,4680
5/8/2019,4875
5/9/2019,8793
5/10/2019,8799
5/11/2019,9256
5/12/2019,4778
5/13/2019,8442
5/14/2019,7019
5/15/2019,7868
5/16/2019,7278
5/17/2019,10025
5/18/2019,11080
5/19/2019,6437
5/20/2019,3633
5/21/2019,2280
5/22/2019,7389
5/23/2019,8473
5/24/2019,8150
5/25/2019,8552
5/26/2019,7019
5/27/2019,1779
5/28/2019,7151
5/29/2019,6162
5/30/2019,9313
5/31/2019,11168
6/1/2019,8022
6/2/2019,9202
6/3/2019,9536
6/4/2019,8479
6/5/2019,6206
6/6/2019,6980
6/7/2019,3712
6/8/2019,9098
6/9/2019,3827
6/10/2019,8520
6/11/2019,10463
6/12/2019,7206
6/13/2019,9244
6/14/2019,9450
6/15/2019,4327
6/16/2019,2513
6/17/2019,6831
6/18/2019,8349
6/19/2019,6786
6/20/2019,6031
6/21/2019,8853
6/22/2019,5369
6/23/2019,5068
6/24/2019,4938
6/25/2019,13228
6/26/2019,12390
6/27/2019,10963
6/28/2019,8319
6/29/2019,17587
6/30/2019,1580
7/1/2019,7359
7/2/2019,6907
7/3/2019,10466
7/4/2019,8466
7/5/2019,1971
7/6/2019,10615
7/7/2019,5870
7/8/2019,8901
7/9/2019,7556
7/10/2019,8826
7/11/2019,3861
7/12/2019,7770
7/13/2019,9557
7/14/2019,6625
7/15/2019,8467
7/16/2019,10162
7/17/2019,14621
7/18/2019,12405
7/19/2019,18346
7/20/2019,12624
7/21/2019,2223
7/22/2019,7226
7/23/2019,1201
7/24/2019,14796
7/25/2019,9142
7/26/2019,9934
7/27/2019,6480
7/28/2019,2244
7/29/2019,2773
7/30/2019,7177
7/31/2019,1018
8/1/2019,9528
8/2/2019,7405
8/3/2019,8088
8/4/2019,8140
8/5/2019,3972
8/6/2019,8358
8/7/2019,8308
8/8/2019,8761
8/9/2019,7098
8/10/2019,6142
8/11/2019,8463
8/12/2019,8361
8/13/2019,8167
8/14/2019,6242
8/15/2019,11942
8/16/2019,7790
8/17/2019,7079
8/18/2019,8976
8/19/2019,5175
8/20/2019,5125
8/21/2019,15359
8/22/2019,13219
8/23/2019,14200
8/24/2019,14492
8/25/2019,15642
8/26/2019,11707
8/27/2019,13951
8/28/2019,9866
8/29/2019,6318
8/30/2019,8095
8/31/2019,12453
9/1/2019,5020
9/2/2019,9075
9/3/2019,9594
9/4/2019,11008
9/5/2019,7021
9/6/2019,20505
9/7/2019,8716
9/8/2019,6692
9/9/2019,10437
9/10/2019,12867
9/11/2019,8281
9/12/2019,6895
9/13/2019,10048
9/14/2019,13359
9/15/2019,3526
9/16/2019,9391
9/17/2019,4707
9/18/2019,6096
9/19/2019,4661
9/20/2019,6973
9/21/2019,5472
9/22/2019,3372
9/23/2019,10454
9/24/2019,14792
9/25/2019,21816
9/26/2019,6065
9/27/2019,7349
9/28/2019,7934
9/29/2019,10239
9/30/2019,7354
10/1/2019,10112
10/2/2019,8426
10/3/2019,7143
10/4/2019,7904
10/5/2019,5138
10/6/2019,6327
10/7/2019,6461
10/8/2019,15140
10/9/2019,9712
10/10/2019,7721
10/11/2019,8064
10/12/2019,25231
10/13/2019,8487
10/14/2019,9385
10/15/2019,6829
10/16/2019,7549
10/17/2019,7250
10/18/2019,9190
10/19/2019,8015
10/20/2019,3074
10/21/2019,6220
10/22/2019,3860
10/23/2019,6973
10/24/2019,6314
10/25/2019,7980
10/26/2019,5600
10/27/2019,3773
10/28/2019,6458
10/29/2019,11176
10/30/2019,11707
10/31/2019,12044
11/1/2019,5972
11/2/2019,6281
11/3/2019,8948
11/4/2019,8685
11/5/2019,4701
11/6/2019,8544
11/7/2019,6693
11/8/2019,14517
11/9/2019,4955
11/10/2019,3312
11/11/2019,6715
11/12/2019,8587
11/13/2019,9132
11/14/2019,6748
11/15/2019,5512
11/16/2019,7598
11/17/2019,7939
11/18/2019,6650
11/19/2019,6371
11/20/2019,11449
11/21/2019,6239
11/22/2019,10734
11/23/2019,6179
11/24/2019,5189
11/25/2019,7820
11/26/2019,12890
11/27/2019,2810
11/28/2019,2449
11/29/2019,1831
11/30/2019,6845
12/1/2019,6626
12/2/2019,5176
12/3/2019,5397
12/4/2019,12028
12/5/2019,6974
12/6/2019,7197
12/7/2019,5524
12/8/2019,4222
12/9/2019,7191
12/10/2019,9680
12/11/2019,9424
12/12/2019,5513
12/13/2019,4184
12/14/2019,4062
12/15/2019,5876
12/16/2019,7429
12/17/2019,3260
12/18/2019,5618
12/19/2019,8236
12/20/2019,3846
12/21/2019,3427
12/22/2019,4057
12/23/2019,3692
12/24/2019,3561
12/25/2019,2880
12/26/2019,1732
12/27/2019,2238
12/28/2019,1805
12/29/2019,3003
12/30/2019,10423
12/31/2019,13015
1/1/2020,4868
1/2/2020,9979
1/3/2020,9107
1/4/2020,2485
1/5/2020,3799
1/6/2020,2040
1/7/2020,4027
1/8/2020,4139
1/9/2020,1889
1/10/2020,3418
1/11/2020,2200
1/12/2020,7322
1/13/2020,7232
1/14/2020,7288
1/15/2020,8110
1/16/2020,6452
1/17/2020,4064
1/18/2020,2623
1/19/2020,7112
1/20/2020,2508
1/21/2020,5857
1/22/2020,8328
1/23/2020,6196
1/24/2020,6719
1/25/2020,5290
1/26/2020,5080
1/27/2020,6089
1/28/2020,6155
1/29/2020,7693
1/30/2020,7128
1/31/2020,5920
2/1/2020,6215
2/2/2020,4503
2/3/2020,6242
2/4/2020,9447
2/5/2020,6328
2/6/2020,6260
2/7/2020,10021
2/8/2020,8505
2/9/2020,4556
2/10/2020,4492
2/11/2020,4239
2/12/2020,6951
2/13/2020,5677
2/14/2020,3462
2/15/2020,2696
2/16/2020,531
2/17/2020,6093
2/18/2020,4555
2/19/2020,4140
2/20/2020,6870
2/21/2020,5716
2/22/2020,4485
2/23/2020,12592
2/24/2020,7229
2/25/2020,8086
2/26/2020,9006
2/27/2020,8286
2/28/2020,8814
2/29/2020,7845
3/1/2020,6439
3/2/2020,6180
3/3/2020,6487
3/4/2020,5095
3/5/2020,10537
3/6/2020,4617
3/7/2020,2347
3/8/2020,3128
3/9/2020,2996
3/10/2020,3759
3/11/2020,6062
3/12/2020,7287
3/13/2020,4289
3/14/2020,595
3/15/2020,4371
3/16/2020,1693
3/17/2020,5291
3/18/2020,4478
3/19/2020,3233
3/20/2020,3909
3/21/2020,2492
3/22/2020,3090
3/23/2020,1584
3/24/2020,1985
3/25/2020,8907
3/26/2020,7263
3/27/2020,9245
3/28/2020,7954
3/29/2020,7372
3/30/2020,2314
3/31/2020,3128
4/1/2020,7933
4/2/2020,7588
4/3/2020,7439
4/4/2020,6258
4/5/2020,4760
4/6/2020,6690
4/7/2020,6406
4/8/2020,1573
4/9/2020,1764
4/10/2020,8322
4/11/2020,8028
4/12/2020,5016
4/13/2020,757
4/14/2020,5776
4/15/2020,6119
4/16/2020,686
4/17/2020,6471
4/18/2020,7559
4/19/2020,6191
4/20/2020,313
4/21/2020,4478
4/22/2020,6756
4/23/2020,5137
4/24/2020,5680
4/25/2020,6414
4/26/2020,1418
4/27/2020,5450
4/28/2020,5118
4/29/2020,1143
4/30/2020,5787
5/1/2020,6710
5/2/2020,7817
5/3/2020,719
5/4/2020,1561
5/5/2020,3563
5/6/2020,1977
5/7/2020,1815
5/8/2020,6432
5/9/2020,1525
5/10/2020,1384
5/11/2020,2514
5/12/2020,5679
5/13/2020,8236
5/14/2020,718
5/15/2020,8510
5/16/2020,8175
5/17/2020,9543
5/18/2020,4865
5/19/2020,7332
5/20/2020,6463
5/21/2020,8287
5/22/2020,9192
5/23/2020,7773
5/24/2020,9260
5/25/2020,7438
5/26/2020,8884
5/27/2020,8972
5/28/2020,7609
5/29/2020,8554
5/30/2020,1743
5/31/2020,4208
6/1/2020,1437
6/2/2020,7052
6/3/2020,2128
6/4/2020,4992
6/5/2020,7146
6/6/2020,7410
6/7/2020,6206
6/8/2020,6340
6/9/2020,5398
6/10/2020,3419
6/11/2020,5196
6/12/2020,963
6/13/2020,7329
6/14/2020,6831
6/15/2020,1717
6/16/2020,7033
6/17/2020,2356
6/18/2020,7585
6/19/2020,2370
6/20/2020,9590
6/21/2020,3713
6/22/2020,5509
6/23/2020,12843
6/24/2020,6000
6/25/2020,10394
6/26/2020,10856
6/27/2020,5413
6/28/2020,8332
6/29/2020,9823
6/30/2020,10313
7/1/2020,5020
7/2/2020,12389
7/3/2020,5930
7/4/2020,10226
7/5/2020,8551
7/6/2020,4322
7/7/2020,11511
7/8/2020,6034
7/9/2020,5733
7/10/2020,7187
7/11/2020,7522
7/12/2020,8445
7/13/2020,4647
7/14/2020,10407
7/15/2020,4107
7/16/2020,10268
7/17/2020,7671
7/18/2020,10106
7/19/2020,8946
7/20/2020,5964
7/21/2020,10254
7/22/2020,12412
7/23/2020,14746
7/24/2020,6059
7/25/2020,8299
7/26/2020,13055
7/27/2020,4736
7/28/2020,12272
7/29/2020,8635
7/30/2020,9326
7/31/2020,314
8/1/2020,99
8/2/2020,1990
8/3/2020,2376
8/4/2020,11332
8/5/2020,5724
8/6/2020,10500
8/7/2020,6666
8/8/2020,9106
8/9/2020,8859
8/10/2020,3594
8/11/2020,16790
8/12/2020,6897
8/13/2020,17372
8/14/2020,4218
8/15/2020,12707
8/16/2020,15684
8/17/2020,8837
8/18/2020,5183
8/19/2020,5191
8/20/2020,8596
8/21/2020,9808
8/22/2020,11144
8/23/2020,11478
8/24/2020,7179
8/25/2020,13605
8/26/2020,11582
8/27/2020,5016
8/28/2020,7948
8/29/2020,8958
8/30/2020,13675
8/31/2020,6296
9/1/2020,10881
9/2/2020,3601
9/3/2020,4838
9/4/2020,5015
9/5/2020,13332
9/6/2020,9973
9/7/2020,864
9/8/2020,1706
9/9/2020,250
9/10/2020,3507
9/11/2020,5206
9/12/2020,10783
9/13/2020,11735
9/14/2020,6506
9/15/2020,13975
9/16/2020,3564
9/17/2020,6251
9/18/2020,6805
9/19/2020,8373
9/20/2020,1496
9/21/2020,4217
9/22/2020,15688
9/23/2020,3088
9/24/2020,3579
9/25/2020,3468
9/26/2020,4164
9/27/2020,11006
9/28/2020,7356
9/29/2020,10638
9/30/2020,4328
10/1/2020,1059
10/2/2020,4373
10/3/2020,19457
10/4/2020,8950
10/5/2020,13053
10/6/2020,3475
10/7/2020,4318
10/8/2020,512
10/9/2020,1392
10/10/2020,1078
10/11/2020,2538
10/12/2020,2314
10/13/2020,1462
10/14/2020,3329
10/15/2020,5597
10/16/2020,3770
10/17/2020,9297
10/18/2020,11621
10/19/2020,6075
10/20/2020,11824
10/21/2020,3342
10/22/2020,4698
10/23/2020,5584
10/24/2020,15080
10/25/2020,12322
10/26/2020,1865
10/27/2020,643
10/28/2020,110
10/29/2020,219
10/30/2020,65
10/31/2020,51
11/1/2020,177
11/2/2020,126
11/3/2020,35
11/4/2020,82
11/5/2020,37
11/6/2020,2458
11/7/2020,10922
11/8/2020,12799
11/9/2020,4461
11/10/2020,7888
11/11/2020,7614
11/12/2020,4234
11/13/2020,5529
11/14/2020,8979
11/15/2020,11124
11/16/2020,3854
11/17/2020,11002
11/18/2020,6085
11/19/2020,6011
11/20/2020,8813
11/21/2020,10194
11/22/2020,9192
11/23/2020,8384
11/24/2020,2629
11/25/2020,2958
11/26/2020,910
11/27/2020,11322
11/28/2020,9889
11/29/2020,2212
11/30/2020,1347
12/1/2020,1382
12/2/2020,3797
12/3/2020,2044
12/4/2020,1187
12/5/2020,6391
12/6/2020,6259
12/7/2020,659
12/8/2020,1019
12/9/2020,4223
12/10/2020,2583
12/11/2020,4915
12/12/2020,10547
12/13/2020,8749
12/14/2020,13656
12/15/2020,3153
12/16/2020,10499
12/17/2020,11013
12/18/2020,1879
12/19/2020,9500
12/20/2020,9359
12/21/2020,1453
12/22/2020,8539
12/23/2020,1689
12/24/2020,1132
12/25/2020,2837
12/26/2020,6028
12/27/2020,7040
12/28/2020,9040
12/29/2020,6905
12/30/2020,9021
12/31/2020,2115
1/1/2021,5583
1/2/2021,5617
1/3/2021,13309
1/4/2021,3522
1/5/2021,864
1/6/2021,6040
1/7/2021,2988
1/8/2021,3056
1/9/2021,6317
1/10/2021,5112
1/11/2021,7007
1/12/2021,589
1/13/2021,1949
1/14/2021,4510
1/15/2021,4547
1/16/2021,2656
1/17/2021,4377
1/18/2021,2474
1/19/2021,3929
1/20/2021,5395
1/21/2021,3274
1/22/2021,3909
1/23/2021,2089
1/24/2021,2571
1/25/2021,922
1/26/2021,2218
1/27/2021,4832
1/28/2021,5883
1/29/2021,4709
1/30/2021,4711
1/31/2021,5621
2/1/2021,2913
2/2/2021,1397
2/3/2021,2890
2/4/2021,2949
2/5/2021,3537
2/6/2021,1571
2/7/2021,3019
2/8/2021,3462
2/9/2021,2841
2/10/2021,3559
2/11/2021,3822
2/12/2021,2849
2/13/2021,1071
2/14/2021,2128
2/15/2021,1011
2/16/2021,2670
2/17/2021,3061
2/18/2021,4384
2/19/2021,5722
2/20/2021,11900
2/21/2021,2344
2/22/2021,2399
2/23/2021,3094
2/24/2021,4937
2/25/2021,4565
2/26/2021,4563
2/27/2021,603
2/28/2021,453
3/1/2021,155
3/2/2021,156
3/3/2021,173
3/4/2021,995
3/5/2021,291
3/6/2021,4710
3/7/2021,16
3/8/2021,2016
3/9/2021,2191
3/10/2021,3820
3/11/2021,5127
3/12/2021,5065
3/13/2021,2239
3/14/2021,2515
3/15/2021,3395
3/16/2021,3411
3/17/2021,3829
3/18/2021,2748
3/19/2021,3465
3/20/2021,3452
3/21/2021,2359
3/22/2021,3613
3/23/2021,3317
3/24/2021,2717
3/25/2021,1661
3/26/2021,3004
3/27/2021,4531
3/28/2021,1978
3/29/2021,3711
3/30/2021,4664
3/31/2021,2076
4/1/2021,3769
4/2/2021,1568
4/3/2021,1684
4/4/2021,3826
4/5/2021,2009
4/6/2021,2868
4/7/2021,2504
4/8/2021,2308
4/9/2021,3508
4/10/2021,5292
4/11/2021,3577
4/12/2021,3581
4/13/2021,2978
4/14/2021,5783
4/15/2021,3261
4/16/2021,2389
4/17/2021,3302
4/18/2021,1947
4/19/2021,2880
4/20/2021,4678
4/21/2021,6148
4/22/2021,3946
4/23/2021,2711
4/24/2021,3626
4/25/2021,4597
4/26/2021,6623
4/27/2021,5281
4/28/2021,4121
4/29/2021,3520
4/30/2021,4266
5/1/2021,2649
5/2/2021,2379
5/3/2021,3501
5/4/2021,1573
5/5/2021,7365
5/6/2021,9058
5/7/2021,10062
5/8/2021,12803
5/9/2021,6551
5/10/2021,7379
5/11/2021,8668
5/12/2021,5100
5/13/2021,4252
5/14/2021,12116
5/15/2021,11914
5/16/2021,7845
5/17/2021,9510
5/18/2021,10550
5/19/2021,2725
5/20/2021,7612
5/21/2021,10353
5/22/2021,12061
5/23/2021,10095
5/24/2021,9336
5/25/2021,7683
5/26/2021,4423
5/27/2021,8797
5/28/2021,10178
5/29/2021,11292
5/30/2021,11090
5/31/2021,11461
6/1/2021,13749
6/2/2021,1114
6/3/2021,2957
6/4/2021,3640
6/5/2021,8729
6/6/2021,13268
6/7/2021,2567
6/8/2021,7392
6/9/2021,13647
6/10/2021,10459
6/11/2021,4270
6/12/2021,8953
6/13/2021,9347
6/14/2021,2739
6/15/2021,6180
6/16/2021,3544
6/17/2021,12155
6/18/2021,9701
6/19/2021,9007
6/20/2021,9681
6/21/2021,6746
6/22/2021,13498
6/23/2021,7288
6/24/2021,4594
6/25/2021,11201
6/26/2021,9539
6/27/2021,6317
6/28/2021,12610
6/29/2021,16150
6/30/2021,5424
7/1/2021,5926
7/2/2021,10196
7/3/2021,9553
7/4/2021,8917
7/5/2021,9511
7/6/2021,124
7/7/2021,584
7/8/2021,493
7/9/2021,727
7/10/2021,479
7/11/2021,306
7/12/2021,791
7/13/2021,2122
7/14/2021,1952
7/15/2021,8784
7/16/2021,6357
7/17/2021,2140
7/18/2021,9392
7/19/2021,10866
7/20/2021,10781
7/21/2021,5111
7/22/2021,12735
7/23/2021,8522
7/24/2021,6622
7/25/2021,7442
7/26/2021,3501
7/27/2021,12813
7/28/2021,5480
7/29/2021,5043
7/30/2021,12987
7/31/2021,10913
8/1/2021,9704
8/2/2021,8134
8/3/2021,12650
8/4/2021,3712
8/5/2021,2908
8/6/2021,11227
8/7/2021,13975
8/8/2021,8624
8/9/2021,12271
8/10/2021,11175
8/11/2021,14436
8/12/2021,11663
8/13/2021,14906
8/14/2021,4817
8/15/2021,12684
8/16/2021,4732
8/17/2021,7741
8/18/2021,18066
8/19/2021,11579
8/20/2021,11058
8/21/2021,16118
8/22/2021,5331
8/23/2021,5258
8/24/2021,5147
8/25/2021,9295
8/26/2021,3423
8/27/2021,5445
8/28/2021,9034
8/29/2021,9478
8/30/2021,5303
8/31/2021,5703
9/1/2021,13842
9/2/2021,7018
9/3/2021,5286
9/4/2021,8201
9/5/2021,8844
9/6/2021,4148
9/7/2021,6413
9/8/2021,10619
9/9/2021,4437
9/10/2021,4145
9/11/2021,11608
9/12/2021,9582
9/13/2021,5656
9/14/2021,3268
9/15/2021,11073
9/16/2021,4493
9/17/2021,8729
9/18/2021,12898
9/19/2021,11310
9/20/2021,3280
9/21/2021,7254
9/22/2021,8788
9/23/2021,8069
9/24/2021,6020
9/25/2021,9242
9/26/2021,9648
9/27/2021,4701
9/28/2021,3682
9/29/2021,11604
9/30/2021,7537
10/1/2021,4118
10/2/2021,6554
10/3/2021,3586
10/4/2021,6202
10/5/2021,8168
10/6/2021,10347
10/7/2021,7532
10/8/2021,4317
10/9/2021,11719
10/10/2021,8899
10/11/2021,2760
10/12/2021,1691
10/13/2021,9512
10/14/2021,7299
10/15/2021,808
10/16/2021,12480
10/17/2021,7794
10/18/2021,7810
10/19/2021,3331
10/20/2021,7036
10/21/2021,3864
10/22/2021,4571
10/23/2021,13071
10/24/2021,12955
10/25/2021,4861
10/26/2021,2921
10/27/2021,7859
10/28/2021,4253
10/29/2021,3081
10/30/2021,4269
10/31/2021,1149
11/1/2021,5405
11/2/2021,2323
11/3/2021,7314
11/4/2021,2825
11/5/2021,5285
11/6/2021,13444
11/7/2021,10373
11/8/2021,2829
11/9/2021,3466
11/10/2021,11163
11/11/2021,1618
11/12/2021,2105
11/13/2021,1381
11/14/2021,3126
11/15/2021,6624
11/16/2021,4133
11/17/2021,9634
11/18/2021,7478
11/19/2021,4202
11/20/2021,7435
11/21/2021,8181
11/22/2021,3507
11/23/2021,1525
11/24/2021,2104
11/25/2021,1432
11/26/2021,2163
11/27/2021,12320
11/28/2021,10892
11/29/2021,11768
11/30/2021,4476
12/1/2021,9892
12/2/2021,4963
12/3/2021,4024
12/4/2021,12502
12/5/2021,12065
12/6/2021,3107
12/7/2021,5161
12/8/2021,11171
12/9/2021,6848
12/10/2021,2640
12/11/2021,15289
12/12/2021,2969
12/13/2021,3434
12/14/2021,5149
12/15/2021,9830
12/16/2021,2020
12/17/2021,3518
12/18/2021,11123
12/19/2021,13922
12/20/2021,6082
12/21/2021,1456
12/22/2021,2803
12/23/2021,2558
12/24/2021,3320
12/25/2021,1934
12/26/2021,4565
12/27/2021,2644
12/28/2021,9562
12/29/2021,7818
12/30/2021,8563
12/31/2021,3140
1/1/2022,412
1/2/2022,14191
1/3/2022,2281
1/4/2022,8449
1/5/2022,9530
1/6/2022,4313
1/7/2022,3161
1/8/2022,12907
1/9/2022,13287
1/10/2022,1970
1/11/2022,3509
1/12/2022,4762
1/13/2022,559
1/14/2022,642
1/15/2022,688
1/16/2022,1080
1/17/2022,3512
1/18/2022,1951
1/19/2022,5234
1/20/2022,1457
1/21/2022,5090
1/22/2022,4407
1/23/2022,3202
1/24/2022,4899
1/25/2022,5278
1/26/2022,5469
1/27/2022,3416
1/28/2022,7729
1/29/2022,8979
1/30/2022,6935
1/31/2022,4759
2/1/2022,2630
2/2/2022,3253
2/3/2022,2806
2/4/2022,5004
2/5/2022,4065
2/6/2022,3665
2/7/2022,2921
2/8/2022,2474
2/9/2022,3674
2/10/2022,4991
2/11/2022,3604
2/12/2022,2652
2/13/2022,1417
2/14/2022,2820
2/15/2022,2984
2/16/2022,6744
2/17/2022,4808
2/18/2022,3212
2/19/2022,1352
2/20/2022,3344
2/21/2022,3633
2/22/2022,4758
2/23/2022,7132
2/24/2022,4270
2/25/2022,7634
2/26/2022,6200
2/27/2022,2338
2/28/2022,3730
3/1/2022,3329
3/2/2022,3814
3/3/2022,2205
3/4/2022,1806
3/5/2022,2307
3/6/2022,1145
3/7/2022,4662
3/8/2022,6906
3/9/2022,760
3/10/2022,4082
3/11/2022,1378
3/12/2022,4249
3/13/2022,5112
3/14/2022,2560
3/15/2022,3008
3/16/2022,3380
3/17/2022,3401
3/18/2022,4419
3/19/2022,4146
3/20/2022,3691
3/21/2022,4393
3/22/2022,3573
3/23/2022,2684
3/24/2022,2729
3/25/2022,3693
3/26/2022,7407
3/27/2022,5170
3/28/2022,3334
3/29/2022,3236
3/30/2022,3429
3/31/2022,2102
4/1/2022,7857
4/2/2022,7811
4/3/2022,6363
4/4/2022,4278
4/5/2022,5446
4/6/2022,4357
4/7/2022,3633
4/8/2022,6186
4/9/2022,6493
4/10/2022,3765
4/11/2022,1564
4/12/2022,3377
4/13/2022,3238
4/14/2022,6000
4/15/2022,4631
4/16/2022,4669
4/17/2022,9579
4/18/2022,1566
4/19/2022,3432
4/20/2022,3101
4/21/2022,2428
4/22/2022,3880
4/23/2022,6630
4/24/2022,1632
4/25/2022,1873
4/26/2022,5081
4/27/2022,5224
4/28/2022,3971
4/29/2022,4703
4/30/2022,5424
5/1/2022,1641
5/2/2022,5054
5/3/2022,3198
5/4/2022,2621
5/5/2022,2917
5/6/2022,15061
5/7/2022,2175
5/8/2022,567
5/9/2022,2408
5/10/2022,1277
5/11/2022,1219
5/12/2022,889
5/13/2022,3538
5/14/2022,1826
5/15/2022,583
5/16/2022,3645
5/17/2022,1770
5/18/2022,1500
5/19/2022,4535
5/20/2022,8020
5/21/2022,733
5/22/2022,4274
5/23/2022,491
5/24/2022,1151
5/25/2022,2067
5/26/2022,2846
5/27/2022,6329
5/28/2022,2460
5/29/2022,1112
5/30/2022,4291
5/31/2022,4197
6/1/2022,12834
6/2/2022,6322
6/3/2022,3483
6/4/2022,4137
6/5/2022,2417
6/6/2022,757
6/7/2022,4739
6/8/2022,14041
6/9/2022,5405
6/10/2022,4075
6/11/2022,11702
6/12/2022,6674
6/13/2022,8203
6/14/2022,2581
6/15/2022,10834
6/16/2022,7466
6/17/2022,8044
6/18/2022,6012
6/19/2022,4158
6/20/2022,4377
6/21/2022,4907
6/22/2022,10310
6/23/2022,3998
6/24/2022,6479
6/25/2022,7808
6/26/2022,1753
6/27/2022,1910
6/28/2022,7346
6/29/2022,12207
6/30/2022,3382
7/1/2022,7865
7/2/2022,4956
7/3/2022,3558
7/4/2022,2136
7/5/2022,3558
7/6/2022,11975
7/7/2022,3170
7/8/2022,8594
7/9/2022,5633
7/10/2022,6004
7/11/2022,2971
7/12/2022,6426
7/13/2022,10488
7/14/2022,4273
7/15/2022,5328
7/16/2022,12917
7/17/2022,4651
7/18/2022,6930
7/19/2022,5731
7/20/2022,11669
7/21/2022,6444
7/22/2022,1974
7/23/2022,5958
7/24/2022,3633
7/25/2022,12208
7/26/2022,3164
7/27/2022,9850
7/28/2022,5607
7/29/2022,10108
7/30/2022,8257
7/31/2022,193
8/1/2022,920
8/2/2022,2496
8/3/2022,12410
8/4/2022,5219
8/5/2022,5422
8/6/2022,5166
8/7/2022,5320
8/8/2022,3285
8/9/2022,1613
8/10/2022,12760
8/11/2022,5132
8/12/2022,2349
8/13/2022,6317
8/14/2022,3618
8/15/2022,5842
8/16/2022,1587
8/17/2022,8379
8/18/2022,5628
8/19/2022,5437
8/20/2022,5764
8/21/2022,8192
8/22/2022,7344
8/23/2022,1769
8/24/2022,7652
8/25/2022,2387
8/26/2022,6260
8/27/2022,7038
8/28/2022,7432
8/29/2022,6396
8/30/2022,2302
8/31/2022,8148
9/1/2022,5788
9/2/2022,6854
9/3/2022,3653
9/4/2022,2672
9/5/2022,6042
9/6/2022,2921
9/7/2022,2874
9/8/2022,4601
9/9/2022,8844
9/10/2022,8422
9/11/2022,4959
9/12/2022,6544
9/13/2022,5342
9/14/2022,12001
9/15/2022,2586
9/16/2022,4669
9/17/2022,5374
9/18/2022,5409
9/19/2022,7592
9/20/2022,4513
9/21/2022,7752
9/22/2022,1869
9/23/2022,7095
9/24/2022,2798
9/25/2022,5331
9/26/2022,5613
9/27/2022,6226
9/28/2022,5913
9/29/2022,3913
9/30/2022,6847
10/1/2022,5020
10/2/2022,3618
10/3/2022,6156
10/4/2022,1730
10/5/2022,5604
10/6/2022,2051
10/7/2022,7838
10/8/2022,3906
10/9/2022,6373
10/10/2022,8844
10/11/2022,16277
10/12/2022,11813
10/13/2022,8630
10/14/2022,6442
10/15/2022,3820
10/16/2022,3397
10/17/2022,4846
10/18/2022,4185
10/19/2022,5118
10/20/2022,10757
10/21/2022,3880
10/22/2022,8765
10/23/2022,4898
10/24/2022,4354
10/25/2022,3371
10/26/2022,5424
10/27/2022,7233
10/28/2022,10076
10/29/2022,2471
10/30/2022,5059
10/31/2022,5685
11/1/2022,1953
11/2/2022,3556
11/3/2022,7436
11/4/2022,3579
11/5/2022,8335
11/6/2022,4165
11/7/2022,5004
11/8/2022,3831
11/9/2022,8190
11/10/2022,5047
11/11/2022,5850
11/12/2022,3856
11/13/2022,1089
11/14/2022,5067
11/15/2022,356
11/16/2022,404
11/17/2022,416
11/18/2022,4306
11/19/2022,2437
11/20/2022,4163
11/21/2022,5244
11/22/2022,3796
11/23/2022,5383
11/24/2022,967
11/25/2022,6710
11/26/2022,7672
11/27/2022,6129
11/28/2022,6888
11/29/2022,2173
11/30/2022,7006
12/1/2022,4879
12/2/2022,7594
12/3/2022,5245
12/4/2022,638
12/5/2022,7507
12/6/2022,5762
12/7/2022,6028
12/8/2022,5793
12/9/2022,5023
12/10/2022,863
12/11/2022,4664
12/12/2022,8848
12/13/2022,298
12/14/2022,4220
12/15/2022,6927
12/16/2022,5603
12/17/2022,1749
12/18/2022,5212
12/19/2022,6514
12/20/2022,1333
12/21/2022,2847
12/22/2022,1559
12/23/2022,3444
12/24/2022,2929
12/25/2022,1909
12/26/2022,2755
12/27/2022,5260
12/28/2022,6713
12/29/2022,4389
12/30/2022,5121
12/31/2022,1932
1/1/2023,5848
1/2/2023,4330
1/3/2023,4478
1/4/2023,6093
1/5/2023,6022
1/6/2023,2254
1/7/2023,4168
1/8/2023,3985
1/9/2023,9385
1/10/2023,5902
1/11/2023,5805
1/12/2023,8331
1/13/2023,4549
1/14/2023,5619
1/15/2023,3072
1/16/2023,4390
1/17/2023,9409
1/18/2023,1295
1/19/2023,5119
1/20/2023,8473
1/21/2023,3664
1/22/2023,3564
1/23/2023,4799
1/24/2023,1631
1/25/2023,4079
1/26/2023,5083
1/27/2023,4824
1/28/2023,4335
1/29/2023,3746
1/30/2023,7741
1/31/2023,3384
2/1/2023,4423
2/2/2023,5209
2/3/2023,5079
2/4/2023,7436
2/5/2023,4114
2/6/2023,4266
2/7/2023,3941
2/8/2023,3795
2/9/2023,3658
2/10/2023,3876
2/11/2023,4108
2/12/2023,4434
2/13/2023,3476
2/14/2023,4178
2/15/2023,3902
2/16/2023,96
2/17/2023,6709
2/18/2023,4952
2/19/2023,1118
2/20/2023,3322
2/21/2023,1736
2/22/2023,2718
2/23/2023,3874
2/24/2023,1534
2/25/2023,6691
2/26/2023,216
2/27/2023,3583
2/28/2023,4698
3/1/2023,3171
3/2/2023,4175
3/3/2023,2982
3/4/2023,4240
3/5/2023,4026
3/6/2023,3483
3/7/2023,4262
3/8/2023,5840
3/9/2023,4307
3/10/2023,7586
3/11/2023,997
3/12/2023,1300
3/13/2023,3353
3/14/2023,2991
3/15/2023,2918
3/16/2023,2201
3/17/2023,3789
3/18/2023,1076
3/19/2023,2529
3/20/2023,2104
3/21/2023,3568
3/22/2023,4682
3/23/2023,3807
3/24/2023,4306
3/25/2023,5930
3/26/2023,5579
3/27/2023,4061
3/28/2023,3870
3/29/2023,5280
3/30/2023,6056
3/31/2023,3428
4/1/2023,4377
4/2/2023,5172
4/3/2023,13163
4/4/2023,2431
4/5/2023,2442
4/6/2023,5199
4/7/2023,5673
4/8/2023,3759
4/9/2023,1445
4/10/2023,3433
4/11/2023,1673
4/12/2023,2386
4/13/2023,1450
4/14/2023,1786
4/15/2023,3670
4/16/2023,2442
4/17/2023,2337
4/18/2023,2674
4/19/2023,5914
4/20/2023,3958
4/21/2023,4468
4/22/2023,2902
4/23/2023,6421
4/24/2023,2750
4/25/2023,5112
4/26/2023,3036
4/27/2023,6819
4/28/2023,4664
4/29/2023,2428
4/30/2023,4084
5/1/2023,4844
5/2/2023,1655
5/3/2023,1577
5/4/2023,9061
5/5/2023,4473
5/6/2023,7328
5/7/2023,1607
5/8/2023,3175
5/9/2023,1403
5/10/2023,4146
5/11/2023,4703
5/12/2023,2318
5/13/2023,4785
5/14/2023,5022
5/15/2023,4824
5/16/2023,1498
5/17/2023,1427
5/18/2023,4474
5/19/2023,10059
5/20/2023,6272
5/21/2023,5736
5/22/2023,5767
5/23/2023,2355
5/24/2023,1912
5/25/2023,3462
5/26/2023,6747
5/27/2023,2996
5/28/2023,2172
5/29/2023,2113
5/30/2023,5341
5/31/2023,2429
6/1/2023,2710
6/2/2023,1443
6/3/2023,6910
6/4/2023,775
6/5/2023,1064
6/6/2023,917
6/7/2023,3042
6/8/2023,5657
6/9/2023,980
6/10/2023,3305
6/11/2023,1079
6/12/2023,3732
6/13/2023,5677
6/14/2023,2212
6/15/2023,1792
6/16/2023,1412
6/17/2023,4625
6/18/2023,987
6/19/2023,2586
6/20/2023,1914
6/21/2023,5096
6/22/2023,2238
6/23/2023,1535
6/24/2023,2386
6/25/2023,6389
6/26/2023,15779
6/27/2023,1270
6/28/2023,3866
6/29/2023,10377
6/30/2023,23743
7/1/2023,11004
7/2/2023,19007
7/3/2023,11774
7/4/2023,5773
7/5/2023,23071
7/6/2023,19344
7/7/2023,20256
7/8/2023,16922
7/9/2023,4895
7/10/2023,1668
7/11/2023,14407
7/12/2023,11017
7/13/2023,15012
7/14/2023,3518
7/15/2023,6270
7/16/2023,6539
7/17/2023,1851
7/18/2023,2609
7/19/2023,2244
7/20/2023,6539
7/21/2023,2620
7/22/2023,2328
7/23/2023,2787
7/24/2023,3849
7/25/2023,1549
7/26/2023,13525
7/27/2023,7803
7/28/2023,9292
7/29/2023,11467
7/30/2023,5796
7/31/2023,11114
8/1/2023,7882
8/2/2023,7707
8/3/2023,7375
8/4/2023,8617
8/5/2023,565
8/6/2023,16717
8/7/2023,8624
8/8/2023,10802
8/9/2023,9992
8/10/2023,8207
8/11/2023,9249
8/12/2023,6907
8/13/2023,4004
8/14/2023,1884
8/15/2023,5532
8/16/2023,697
8/17/2023,2417
8/18/2023,11369
8/19/2023,7874
8/20/2023,1656
8/21/2023,16355
,
